ip,port,country,anonymity,https,speed
103.89.233.226,82,IN,1,false,391
64.225.8.203,10010,US,3,false,160
65.109.152.88,8888,DE,1,false,110
190.6.23.218,999,VE,1,false,224
117.250.3.58,8080,IN,3,false,260
103.89.233.226,83,IN,1,false,208
190.6.23.221,999,VE,1,false,111
190.6.23.222,999,VE,1,false,143
190.6.23.219,999,VE,1,false,227
159.65.180.117,10012,US,3,false,309
67.213.210.118,33511,US,3,true,118
189.204.208.197,999,MX,3,true,124
65.109.152.88,8888,DE,3,true,376
190.6.23.218,999,VE,3,true,93
117.250.3.58,8080,IN,3,true,227
103.89.233.226,83,IN,3,true,138
190.6.23.221,999,VE,3,true,158
190.6.23.222,999,VE,3,true,290
190.6.23.219,999,VE,3,true,332
52.226.55.108,9000,US,3,false,367
187.40.1.122,128,BR,2,false,2736